{
  "training_history": {
    "train_loss": [
      168.86948806762695,
      93.3406939315796,
      80.99610446929931,
      79.79976825714111,
      78.45975757598877,
      77.91572761535645,
      76.9621775817871,
      76.26718811035157,
      76.7216508102417,
      75.61105094909668,
      75.2277568435669,
      74.65818439483643,
      74.74882083892822,
      74.75739151000977,
      74.84076152801514
    ],
    "val_loss": [
      130.08757723294772,
      84.83720574012169,
      83.87094849806566,
      84.10190523587741,
      83.57379443828876,
      83.41204012357272,
      83.32298983060397,
      83.0836307819073,
      83.23456338735727,
      83.15241681612454,
      83.05639149592473,
      82.79040116530199,
      82.95110497107872,
      83.33138392521785,
      82.9823491023137
    ]
  },
  "feature_columns": [
    "cs_br_concentration",
    "pb_br2_concentration",
    "temperature",
    "oa_concentration",
    "oam_concentration",
    "reaction_time",
    "solvent_type",
    "cs_pb_ratio",
    "supersaturation",
    "ligand_ratio",
    "temp_normalized",
    "solvent_effect"
  ],
  "model_config": {
    "input_dim": 12,
    "hidden_dims": [
      128,
      64
    ],
    "n_phases": 5,
    "n_properties": 4
  }
}