{
  "bayesian": {
    "train_loss": [
      201.96902908325194,
      147.35249618530273,
      109.29812881469726,
      102.45828552246094,
      101.27633811950683,
      102.23211074829102,
      101.76154251098633,
      98.97400444030762,
      100.49645072937011,
      99.49762969970703
    ],
    "val_loss": [
      179.0603790283203,
      110.9479241004357,
      93.72884368896484,
      94.84348443838266,
      89.93309373121996,
      91.09960614717923,
      92.91868121807391,
      89.0815074627216,
      89.1037368774414,
      92.72718664316031
    ],
    "kl_loss": [
      15899.28619140625,
      15881.74181640625,
      15864.88087890625,
      15853.78564453125,
      15843.89470703125,
      15832.28748046875,
      15820.03271484375,
      15807.47642578125,
      15794.4988671875,
      15780.6248046875
    ]
  },
  "mcdropout": {
    "train_loss": [
      166.62661026000976,
      90.74525283813476,
      80.1818692779541,
      80.19050247192382,
      79.17098442077636,
      76.93381484985352,
      77.9668099975586,
      77.74466567993164
    ],
    "val_loss": [
      122.03912588266226,
      83.64155666644757,
      82.99837083082933,
      82.68638258713942,
      82.45085584200345,
      82.71067986121544,
      82.88401911808894,
      82.959839454064
    ]
  },
  "ensemble": {
    "train_loss": [],
    "val_loss": []
  }
}